loan_id,P3v3,P4v3,anchor_v3,day_v3,multi_v3,batch_v3
B081223-1,3,1,,,,1
B081230-1,1,2,,,,1
B090104-1,1,1,,,,1
B090117-1,1,1,,,,1
B090124-1,1,1,,,,1
B090127-1,1,1,,,,1
B090128-1,1,2,,,,1
B090201-1,1,1,,,,1
B090214-1,1,1,,,,1
B090217-1,4,1,income,,False,1
B090222-1,1,1,,,,1
B090302-1,1,1,,,,1
B090311-1,1,2,,,,1
B090331-1,1,5,,,,1
B090404-1,1,1,,,,1
B090412-1,1,5,,,,1
B090417-1,1,5,,,,1
B090424-1,2,2,,,,1
B090702-1,1,1,,,,1
B090703-1,1,2,,,,1
B090723-1,4,1,income,25.0,False,1
B090828-1,1,1,,,,1
B090901-1,4,1,event,,False,1
B090916-1,2,1,,,,1
B091005-1,1,1,,,,1
B091024-1,1,1,,,,1
B091026-1,3,1,,,,1
B091104-1,3,1,,,,1
B091113-1,1,1,,,,1
B091116-1,1,1,,,,1
B091214-1,4,1,income,,False,1
B091219-1,1,1,,,,1
B091223-1,4,1,calendar,12.0,False,1
B091226-1,1,2,,,,1
B100129-1,1,4,,,,1
B100303-1,1,1,,,,1
B100304-1,2,1,,,,1
B100306-1,1,1,,,,1
B100311-1,3,4,,,,1
B100322-1,1,1,,,,1
B100401-1,1,1,,,,1
B100406-1,2,2,,,,1
B100428-1,1,1,,,,1
B100501-1,1,1,,,,1
B100502-1,1,1,,,,1
B100508-1,1,1,,,,1
B100608-1,1,1,,,,1
B100707-1,1,1,,,,1
B100713-1,3,1,,,,1
B100716-1,3,1,,,,1
B100721-1,1,1,,,,1
B100726-1,1,1,,,,1
B100728-1,1,1,,,,1
B100817-1,1,1,,,,1
B100826-1,1,1,,,,1
B100923-1,2,1,,,,1
B100928-1,1,1,,,,1
B100930-1,1,1,,,,1
B101007-1,1,1,,,,1
B101008-1,1,1,,,,1
B101013-1,2,2,,,,1
B101028-1,1,1,,,,1
B101031-1,1,1,,,,1
B101102-1,1,1,,,,1
B101103-1,4,1,calendar,,False,1
B101105-1,1,1,,,,1
B101106-1,4,1,event,,False,1
B101122-1,3,1,,,,1
B101220-1,3,2,,,,1
B081209-2,1,2,,,,1
B081210-2,1,1,,,,2
B090103-2,1,1,,,,2
B090209-2,3,1,,,,2
B090212-2,1,1,,,,2
B090214-2,1,1,,,,2
B090227-2,1,1,,,,2
B090315-2,1,1,,,,2
B090401-2,1,1,,,,2
B090416-2,4,4,calendar,,False,2
B090420-2,1,5,,,,2
B090423-2,2,1,,,,2
B090507-2,1,4,,,,2
B090514-2,1,1,,,,2
B090516-2,1,1,,,,2
B090702-2,1,1,,,,2
B090709-2,2,2,,,,2
B090803-2,4,1,event,,False,2
B090815-2,1,1,,,,2
B090907-2,1,1,,,,2
B091021-2,1,1,,,,2
B091027-2,1,1,,,,2
B091109-2,1,2,,,,2
B091126-2,1,1,,,,2
B091127-2,1,2,,,,2
B091129-2,1,2,,,,2
B091130-2,4,1,event,,False,2
B091230-2,1,2,,,,2
B091231-2,1,1,,,,2
B100102-2,1,1,,,,2
B100212-2,3,5,,,,2
B100227-2,4,2,income,,False,2
B100302-2,1,1,,,,2
B100405-2,1,1,,,,2
B100412-2,5,2,income,,True,2
B100424-2,1,1,,,,2
B100430-2,5,1,event,,True,2
B100507-2,1,1,,,,2
B100601-2,1,3,,,,2
B100603-2,3,1,,,,2
B100612-2,1,1,,,,2
B100616-2,1,2,,,,2
B100621-2,1,1,,,,2
B100711-2,1,1,,,,2
B100717-2,3,1,,,,2
B100720-2,1,3,,,,2
B100824-2,1,1,,,,2
B100830-2,1,1,,,,2
B100912-2,1,1,,,,2
B101002-2,4,1,income,5.0,False,2
B101010-2,4,1,calendar,,False,2
B101016-2,1,1,,,,2
B101027-2,2,2,,,,2
B101107-2,3,4,,,,2
B101111-2,1,1,,,,2
B101121-2,1,3,,,,2
B101218-2,1,1,,,,2
B101220-2,4,1,income,2.0,False,2
B081203-3,1,1,,,,2
B081229-3,1,1,,,,2
B081230-3,3,1,,,,2
B090102-3,1,2,,,,2
B090106-3,1,2,,,,2
B090117-3,1,2,,,,2
B090121-3,1,1,,,,2
B090123-3,1,1,,,,2
B090203-3,1,1,,,,2
B090205-3,1,1,,,,2
B090306-3,1,1,,,,2
B090309-3,2,2,,,,2
B090312-3,1,1,,,,2
B090407-3,1,2,,,,3
B090408-3,3,1,,,,3
B090416-3,2,1,,,,3
B090427-3,1,1,,,,3
B090428-3,1,1,,,,3
B090504-3,1,2,,,,3
B090515-3,1,1,,,,3
B090608-3,1,1,,,,3
B090614-3,4,2,income,25.0,False,3
B090720-3,1,3,,,,3
B090725-3,1,2,,,,3
B090805-3,1,1,,,,3
B090811-3,2,1,,,,3
B090815-3,1,1,,,,3
B090925-3,1,1,,,,3
B090926-3,1,1,,,,3
B091028-3,1,5,,,,3
B091104-3,1,1,,,,3
B091107-3,1,1,,,,3
B091220-3,1,2,,,,3
B100105-3,1,1,,,,3
B100121-3,2,1,,,,3
B100122-3,1,1,,,,3
B100305-3,1,1,,,,3
B100311-3,2,1,,,,3
B100317-3,3,4,,,,3
B100322-3,1,1,,,,3
B100507-3,1,1,,,,3
B100512-3,1,1,,,,3
B100518-3,1,1,,,,3
B100524-3,1,1,,,,3
B100528-3,1,4,,,,3
B100617-3,1,4,,,,3
B100701-3,1,2,,,,3
B100908-3,1,2,,,,3
B100913-3,4,1,calendar,10.0,False,3
B100919-3,2,1,,,,3
B100922-3,4,1,income,5.0,False,3
B100930-3,2,1,,,,3
B101006-3,1,1,,,,3
B101008-3,1,1,,,,3
B101025-3,1,1,,,,3
B101109-3,1,3,,,,3
B101125-3,1,1,,,,3
B101130-3,3,2,,,,3
B101201-3,1,2,,,,3
B101203-3,1,1,,,,3
B101211-3,1,1,,,,3
B081209-4,3,1,,,,3
B081223-4,1,2,,,,3
B090114-4,1,1,,,,3
B090121-4,1,1,,,,3
B090223-4,1,1,,,,3
B090309-4,1,1,,,,3
B090416-4,1,1,,,,3
B090504-4,1,1,,,,3
B090508-4,1,1,,,,3
B090526-4,1,1,,,,3
B090606-4,1,1,,,,3
B090618-4,1,1,,,,3
B090623-4,1,1,,,,3
B090801-4,2,1,,,,3
B090807-4,1,4,,,,3
B090930-4,1,1,,,,3
B091022-4,1,1,,,,3
B091024-4,2,1,,,,3
B091113-4,1,1,,,,3
B091115-4,1,1,,,,3
B091122-4,1,1,,,,3
B091218-4,1,2,,,,3
B091231-4,1,1,,,,4
B100117-4,1,1,,,,4
B100206-4,1,1,,,,4
B100211-4,2,1,,,,4
B100217-4,1,1,,,,4
B100221-4,4,1,income,,False,4
B100223-4,1,1,,,,4
B100303-4,1,1,,,,4
B100315-4,1,1,,,,4
B100323-4,1,1,,,,4
B100402-4,1,4,,,,4
B100406-4,1,1,,,,4
B100415-4,1,1,,,,4
B100416-4,4,1,calendar,,False,4
B100504-4,1,1,,,,4
B100515-4,2,1,,,,4
B100602-4,3,1,,,,4
B100618-4,1,1,,,,4
B100714-4,1,1,,,,4
B100827-4,4,1,income,,False,4
B101101-4,1,1,,,,4
B101105-4,1,1,,,,4
B101114-4,1,1,,,,4
B101115-4,1,1,,,,4
B101116-4,1,1,,,,4
B101203-4,1,1,,,,4
B101205-4,1,1,,,,4
B101209-4,1,1,,,,4
B101216-4,1,1,,,,4
B081208-5,1,1,,,,4
B090117-5,1,1,,,,4
B090118-5,1,1,,,,4
B090129-5,1,1,,,,4
B090203-5,1,1,,,,4
B090218-5,1,1,,,,4
B090317-5,1,3,,,,4
B090318-5,1,1,,,,4
B090409-5,1,1,,,,4
B090414-5,1,3,,,,4
B090415-5,1,1,,,,4
B090424-5,1,1,,,,4
B090508-5,1,1,,,,4
B090614-5,1,1,,,,4
B090622-5,1,1,,,,4
B090702-5,1,1,,,,4
B090708-5,4,1,event,1.0,False,4
B090810-5,2,1,,,,4
B090902-5,1,1,,,,4
B090911-5,1,1,,,,4
B090917-5,1,1,,,,4
B090923-5,3,1,,,,4
B090930-5,1,1,,,,4
B091019-5,3,1,,,,4
B091022-5,1,1,,,,4
B091031-5,1,1,,,,4
B091114-5,3,1,,,,4
B091204-5,1,1,,,,4
B091207-5,1,1,,,,4
B091222-5,1,1,,,,4
B091225-5,2,1,,,,4
B100107-5,1,1,,,,4
B100115-5,2,1,,,,4
B100123-5,1,1,,,,4
B100304-5,1,1,,,,4
B100410-5,1,4,,,,4
B100512-5,3,1,,,,4
B100604-5,1,1,,,,4
B100607-5,1,1,,,,4
B100703-5,1,1,,,,4
B100902-5,1,1,,,,4
B100904-5,1,1,,,,5
B100908-5,1,1,,,,5
B100918-5,1,1,,,,5
B100930-5,1,1,,,,5
B101003-5,1,2,,,,5
B101006-5,1,1,,,,5
B101011-5,1,1,,,,5
B101024-5,1,1,,,,5
B101029-5,1,1,,,,5
B101031-5,3,1,,,,5
B101129-5,2,2,,,,5
B101204-5,1,2,,,,5
B101211-5,3,1,,,,5
B101212-5,1,1,,,,5
B101215-5,1,1,,,,5
B101220-5,4,1,income,,False,5
B081212-6,3,1,,,,5
B081231-6,4,1,income,10.0,False,5
B090106-6,1,2,,,,5
B090117-6,1,2,,,,5
B090121-6,3,1,,,,5
B090222-6,1,1,,,,5
B090225-6,1,2,,,,5
B090313-6,2,1,,,,5
B090317-6,1,1,,,,5
B090402-6,1,3,,,,5
B090406-6,1,2,,,,5
B090427-6,1,1,,,,5
B090428-6,2,1,,,,5
B090429-6,1,2,,,,5
B090511-6,3,1,,,,5
B090609-6,4,1,income,6.0,False,5
B090615-6,1,2,,,,5
B090707-6,1,1,,,,5
B090709-6,3,1,,,,5
B090723-6,1,2,,,,5
B090725-6,1,1,,,,5
B090914-6,1,1,,,,5
B090921-6,4,1,income,,False,5
B091007-6,4,1,income,25.0,False,5
B091008-6,1,5,,,,5
B091027-6,2,1,,,,5
B091101-6,1,1,,,,5
B091112-6,1,1,,,,5
B091117-6,1,1,,,,5
B091122-6,3,2,,,,5
B091125-6,1,2,,,,5
B091126-6,1,1,,,,5
B091214-6,1,1,,,,5
B100126-6,2,3,,,,5
B100204-6,3,1,,,,5
B100210-6,3,1,,,,5
B100218-6,1,1,,,,5
B100221-6,1,2,,,,5
B100222-6,3,1,,,,5
B100302-6,2,2,,,,5
B100310-6,3,1,,,,5
B100315-6,1,1,,,,5
B100417-6,1,2,,,,5
B100428-6,1,1,,,,5
B100510-6,1,1,,,,5
B100517-6,1,1,,,,5
B100525-6,4,1,income,,False,5
B100611-6,1,1,,,,5
B100713-6,1,1,,,,5
B100903-6,2,1,,,,5
B100908-6,1,1,,,,5
B100924-6,1,1,,,,5
B101004-6,1,2,,,,5
B101014-6,3,1,,,,5
B101018-6,1,1,,,,6
B101105-6,1,2,,,,6
B101109-6,1,1,,,,6
B101116-6,2,2,,,,6
B081205-7,3,3,,,,6
B090128-7,3,1,,,,6
B090218-7,1,1,,,,6
B090220-7,1,1,,,,6
B090319-7,1,1,,,,6
B090331-7,1,1,,,,6
B090415-7,1,2,,,,6
B090416-7,1,1,,,,6
B090422-7,4,1,income,,False,6
B090424-7,1,1,,,,6
B090528-7,1,1,,,,6
B090628-7,5,2,calendar,,True,6
B090719-7,1,1,,,,6
B090727-7,3,2,,,,6
B090801-7,4,1,income,,False,6
B090817-7,1,1,,,,6
B090922-7,1,2,,,,6
B090929-7,1,1,,,,6
B091005-7,5,4,income,10.0,True,6
B091006-7,1,1,,,,6
B091012-7,4,1,calendar,,False,6
B091014-7,3,1,,,,6
B091110-7,1,1,,,,6
B091115-7,5,2,income,11.0,True,6
B091126-7,1,1,,,,6
B091210-7,1,4,,,,6
B091229-7,1,1,,,,6
B091231-7,2,1,,,,6
B100112-7,1,1,,,,6
B100113-7,1,4,,,,6
B100222-7,2,1,,,,6
B100225-7,1,1,,,,6
B100303-7,4,1,calendar,5.0,False,6
B100311-7,1,1,,,,6
B100330-7,1,1,,,,6
B100331-7,3,1,,,,6
B100408-7,2,2,,,,6
B100414-7,1,2,,,,6
B100416-7,1,1,,,,6
B100603-7,1,2,,,,6
B100604-7,1,1,,,,6
B100727-7,1,2,,,,6
B100808-7,1,1,,,,6
B100812-7,2,2,,,,6
B100930-7,1,1,,,,6
B101012-7,1,1,,,,6
B101014-7,1,1,,,,6
B101027-7,1,4,,,,6
B101028-7,1,1,,,,6
B101221-7,1,1,,,,6
B081201-8,1,1,,,,6
B081226-8,1,1,,,,6
B081229-8,1,1,,,,6
B081230-8,1,2,,,,6
B090119-8,4,1,income,20.0,False,6
B090122-8,1,1,,,,6
B090203-8,1,1,,,,6
B090211-8,4,2,calendar,3.0,False,6
B090213-8,1,1,,,,6
B090407-8,1,1,,,,6
B090508-8,1,1,,,,6
B090514-8,1,1,,,,6
B090528-8,2,2,,,,6
B090622-8,5,1,income,25.0,True,6
B090626-8,1,1,,,,6
B090819-8,1,1,,,,6
B090910-8,1,1,,,,7
B091023-8,5,1,income,,True,7
B091118-8,1,1,,,,7
B091124-8,1,1,,,,7
B091228-8,1,3,,,,7
B100108-8,1,1,,,,7
B100115-8,1,2,,,,7
B100209-8,1,2,,,,7
B100309-8,1,1,,,,7
B100312-8,1,1,,,,7
B100403-8,1,1,,,,7
B100422-8,1,1,,,,7
B100426-8,1,1,,,,7
B100505-8,1,1,,,,7
B100614-8,2,1,,,,7
B100717-8,1,1,,,,7
B100722-8,1,1,,,,7
B100908-8,4,2,income,18.0,False,7
B101001-8,1,3,,,,7
B101014-8,1,1,,,,7
B101015-8,3,1,,,,7
B101101-8,3,1,,,,7
B101125-8,1,1,,,,7
B101216-8,1,1,,,,7
B101221-8,1,1,,,,7
B101223-8,1,1,,,,7
B081201-9,1,1,,,,7
B081215-9,1,1,,,,7
B090129-9,1,1,,,,7
B090204-9,1,1,,,,7
B090217-9,1,1,,,,7
B090313-9,1,2,,,,7
B090327-9,1,1,,,,7
B090410-9,1,4,,,,7
B090601-9,1,1,,,,7
B090626-9,1,1,,,,7
B090629-9,1,1,,,,7
B090630-9,1,2,,,,7
B091027-9,1,1,,,,7
B091029-9,1,1,,,,7
B091120-9,1,4,,,,7
B100107-9,1,4,,,,7
B100118-9,1,1,,,,7
B100119-9,1,2,,,,7
B100121-9,1,1,,,,7
B100127-9,1,1,,,,7
B100202-9,1,2,,,,7
B100222-9,1,1,,,,7
B100308-9,5,1,income,25.0,True,7
B100310-9,1,1,,,,7
B100317-9,1,1,,,,7
B100410-9,1,1,,,,7
B100416-9,4,1,event,,False,7
B100420-9,1,2,,,,7
B100517-9,1,1,,,,7
B100628-9,1,1,,,,7
B101012-9,1,1,,,,7
B101117-9,1,4,,,,7
B101118-9,1,1,,,,7
B101125-9,1,1,,,,7
B090112-10,1,2,,,,7
B090129-10,1,1,,,,7
B090518-10,1,1,,,,7
B090528-10,1,1,,,,7
B090731-10,1,5,,,,7
B090805-10,1,1,,,,7
B090819-10,1,1,,,,7
B090908-10,1,1,,,,7
B090915-10,1,1,,,,7
B090922-10,1,1,,,,7
B090924-10,4,1,calendar,25.0,False,8
B091006-10,1,2,,,,8
B091007-10,1,1,,,,8
B091013-10,1,1,,,,8
B091015-10,1,1,,,,8
B091016-10,3,3,,,,8
B091214-10,1,1,,,,8
B091229-10,3,1,,,,8
B091230-10,1,1,,,,8
B100107-10,1,1,,,,8
B100120-10,1,2,,,,8
B100126-10,1,1,,,,8
B100201-10,1,2,,,,8
B100211-10,5,1,income,,True,8
B100303-10,1,1,,,,8
B100330-10,1,4,,,,8
B100423-10,4,1,income,,False,8
B100429-10,1,4,,,,8
B100506-10,1,1,,,,8
B100512-10,1,4,,,,8
B100524-10,1,1,,,,8
B100531-10,1,2,,,,8
B100624-10,3,1,,,,8
B100717-10,1,1,,,,8
B100727-10,1,2,,,,8
B100820-10,1,2,,,,8
B100906-10,4,2,income,25.0,False,8
B100924-10,4,1,income,,False,8
B101006-10,1,1,,,,8
B101215-10,1,3,,,,8
B101227-10,1,5,,,,8
B090122-11,1,2,,,,8
B090129-11,1,1,,,,8
B090216-11,1,1,,,,8
B090406-11,1,1,,,,8
B090618-11,1,1,,,,8
B090629-11,1,1,,,,8
B090701-11,1,4,,,,8
B090713-11,1,1,,,,8
B090820-11,4,2,income,8.0,False,8
B091104-11,2,1,,,,8
B091210-11,1,1,,,,8
B100204-11,1,3,,,,8
B100225-11,1,2,,,,8
B100317-11,4,1,income,10.0,False,8
B100319-11,1,2,,,,8
B100324-11,1,2,,,,8
B100331-11,1,1,,,,8
B100413-11,1,2,,,,8
B100419-11,1,2,,,,8
B100513-11,4,1,income,10.0,False,8
B100526-11,1,2,,,,8
B100607-11,3,1,,,,8
B100610-11,1,1,,,,8
B100616-11,1,1,,,,8
B100708-11,1,1,,,,8
B100709-11,1,1,,,,8
B100727-11,1,1,,,,8
B100906-11,1,3,,,,8
B101123-11,1,1,,,,8
B101202-11,1,1,,,,8
B090123-12,1,1,,,,8
B090220-12,3,5,,,,8
B090428-12,1,1,,,,8
B090715-12,3,1,,,,8
B090722-12,1,1,,,,8
B090729-12,4,1,income,21.0,False,8
B090804-12,4,1,income,,False,8
B090806-12,1,1,,,,8
B090826-12,1,1,,,,8
B090827-12,1,1,,,,9
B091028-12,1,1,,,,9
B091029-12,1,2,,,,9
B091126-12,1,1,,,,9
B091201-12,3,1,,,,9
B091209-12,3,1,,,,9
B091221-12,1,1,,,,9
B100126-12,1,1,,,,9
B100316-12,1,1,,,,9
B100504-12,1,1,,,,9
B100506-12,1,1,,,,9
B100510-12,3,4,,,,9
B100709-12,3,1,,,,9
B100714-12,1,1,,,,9
B100805-12,1,1,,,,9
B100907-12,1,1,,,,9
B101013-12,1,1,,,,9
B101116-12,2,1,,,,9
B101210-12,2,1,,,,9
B090413-13,1,1,,,,9
B090803-13,1,1,,,,9
B090824-13,1,1,,,,9
B090911-13,1,1,,,,9
B090914-13,1,1,,,,9
B090918-13,1,2,,,,9
B091020-13,3,1,,,,9
B091028-13,1,1,,,,9
B091113-13,1,1,,,,9
B091125-13,1,1,,,,9
B091130-13,1,2,,,,9
B100226-13,1,1,,,,9
B100309-13,1,3,,,,9
B100324-13,1,1,,,,9
B100401-13,4,1,income,25.0,False,9
B100416-13,1,2,,,,9
B100607-13,1,1,,,,9
B100618-13,1,1,,,,9
B100621-13,1,1,,,,9
B100720-13,1,1,,,,9
B100907-13,5,1,income,,True,9
B101118-13,1,2,,,,9
B101201-13,5,1,income,31.0,True,9
B101213-13,2,1,,,,9
B090226-14,1,1,,,,9
B090713-14,1,1,,,,9
B090730-14,1,1,,,,9
B090804-14,1,1,,,,9
B090930-14,3,1,,,,9
B091028-14,2,2,,,,9
B091118-14,1,2,,,,9
B091125-14,1,2,,,,9
B100115-14,1,1,,,,9
B100126-14,5,1,calendar,,True,9
B100127-14,1,1,,,,9
B100201-14,1,2,,,,9
B100210-14,1,2,,,,9
B100217-14,2,1,,,,9
B100224-14,4,3,income,5.0,False,9
B100316-14,1,1,,,,9
B100505-14,1,1,,,,9
B100715-14,5,2,event,,True,9
B101011-14,4,2,calendar,,False,9
B101021-14,1,1,,,,9
B101104-14,2,4,,,,9
B090114-15,1,2,,,,9
B090203-15,1,1,,,,9
B090210-15,1,1,,,,9
B090806-15,1,1,,,,9
B090903-15,1,1,,,,9
B091028-15,1,1,,,,9
B091106-15,1,1,,,,10
B091116-15,3,1,,,,10
B091118-15,1,1,,,,10
B091123-15,1,1,,,,10
B100111-15,1,1,,,,10
B100126-15,3,1,,,,10
B100201-15,3,5,,,,10
B100202-15,3,3,,,,10
B100217-15,1,2,,,,10
B100222-15,4,1,income,5.0,False,10
B100311-15,1,1,,,,10
B100315-15,1,1,,,,10
B100329-15,1,1,,,,10
B100419-15,1,1,,,,10
B100519-15,1,1,,,,10
B100707-15,3,4,,,,10
B100831-15,1,1,,,,10
B100924-15,1,1,,,,10
B101011-15,1,1,,,,10
B101012-15,1,1,,,,10
B101013-15,4,1,income,26.0,False,10
B101021-15,1,1,,,,10
B101227-15,1,1,,,,10
B090128-16,1,1,,,,10
B090625-16,1,1,,,,10
B090818-16,1,3,,,,10
B090924-16,1,1,,,,10
B091103-16,1,1,,,,10
B091105-16,1,2,,,,10
B091106-16,1,1,,,,10
B091229-16,1,2,,,,10
B100108-16,1,1,,,,10
B100211-16,1,2,,,,10
B100528-16,1,1,,,,10
B100531-16,1,1,,,,10
B100630-16,1,3,,,,10
B100715-16,5,4,calendar,,True,10
B100819-16,1,1,,,,10
B100918-16,3,1,,,,10
B100924-16,1,3,,,,10
B101011-16,1,3,,,,10
B101103-16,1,1,,,,10
B101208-16,1,1,,,,10
B090128-17,1,1,,,,10
B090625-17,1,2,,,,10
B091202-17,1,1,,,,10
B091208-17,1,1,,,,10
B100104-17,1,1,,,,10
B100210-17,5,1,calendar,,True,10
B100329-17,1,1,,,,10
B100401-17,1,1,,,,10
B100505-17,1,1,,,,10
B100617-17,1,1,,,,10
B100622-17,1,1,,,,10
B100827-17,4,1,calendar,,False,10
B100831-17,1,1,,,,10
B100909-17,1,1,,,,10
B101012-17,1,1,,,,10
B101021-17,1,1,,,,10
B101027-17,1,1,,,,10
B090119-18,1,2,,,,10
B090121-18,1,1,,,,10
B090211-18,1,1,,,,10
B090907-18,3,1,,,,10
B091117-18,3,1,,,,10
B091223-18,4,1,income,25.0,False,10
B100118-18,1,1,,,,10
B100219-18,1,2,,,,10
B100222-18,1,1,,,,10
B100302-18,1,1,,,,10
B100419-18,1,1,,,,11
B100719-18,1,1,,,,11
B100731-18,1,1,,,,11
B100906-18,1,4,,,,11
B101201-18,1,1,,,,11
B101221-18,1,1,,,,11
B101230-18,1,2,,,,11
B090806-19,4,1,income,20.0,False,11
B090825-19,1,1,,,,11
B090914-19,1,1,,,,11
B100205-19,1,5,,,,11
B100308-19,1,1,,,,11
B100401-19,4,1,calendar,31.0,False,11
B100419-19,1,1,,,,11
B100422-19,1,1,,,,11
B100811-19,1,3,,,,11
B100820-19,4,1,calendar,10.0,False,11
B100924-19,1,1,,,,11
B101201-19,1,2,,,,11
B101227-19,1,1,,,,11
B090210-20,1,1,,,,11
B090814-20,4,2,income,7.0,False,11
B090825-20,1,1,,,,11
B091116-20,1,2,,,,11
B091211-20,1,1,,,,11
B091224-20,1,1,,,,11
B100108-20,1,1,,,,11
B100112-20,1,2,,,,11
B100811-20,1,4,,,,11
B100825-20,4,1,income,6.0,False,11
B100927-20,4,1,calendar,12.0,False,11
B100928-20,1,2,,,,11
B090824-21,3,1,,,,11
B091123-21,3,1,,,,11
B100115-21,1,3,,,,11
B100615-21,1,1,,,,11
B090730-22,1,2,,,,11
B091207-22,1,2,,,,11
B100201-22,1,1,,,,11
B100820-22,3,1,,,,11
B090112-23,1,1,,,,11
B090730-23,1,1,,,,11
B100218-23,1,1,,,,11
B100225-23,1,1,,,,11
B100315-23,1,1,,,,11
B100805-23,1,1,,,,11
B101208-23,3,1,,,,11
B100924-24,1,1,,,,11
B100928-24,1,2,,,,11
B100729-25,1,2,,,,11
B100928-25,1,1,,,,11
B101202-25,3,3,,,,11
B090811-26,1,1,,,,11
B100414-26,1,1,,,,11
B100826-27,4,3,income,26.0,False,11
B091207-28,1,1,,,,11
B100218-30,1,1,,,,11
B100818-30,1,3,,,,11
B100730-32,1,1,,,,11
B100811-32,1,1,,,,11
B100813-32,1,1,,,,11
B100810-33,3,1,,,,11
B100818-35,1,2,,,,11
B100812-36,1,1,,,,11
B100906-37,1,1,,,,11
B100809-40,1,1,,,,11
B100721-41,1,1,,,,11
B100806-42,1,1,,,,11
B100818-48,5,5,calendar,,True,11
B100729-50,1,1,,,,11
B100806-50,1,2,,,,12
B100727-51,1,2,,,,12
B100803-51,1,1,,,,12
B100819-52,1,1,,,,12
B100806-60,2,1,,,,12
B100817-68,1,2,,,,12
B100817-69,1,1,,,,12
B100819-71,2,1,,,,12
B100816-85,1,1,,,,12
B110104-6,1,1,,,,12
B110104-9,4,3,income,25.0,False,12
B110105-13,2,1,,,,12
B110105-4,1,1,,,,12
B110106-4,1,1,,,,12
B110107-2,1,1,,,,12
B110107-9,1,1,,,,12
B110109-2,4,1,event,13.0,False,12
B110110-1,1,1,,,,12
B110111-1,1,3,,,,12
B110111-3,1,1,,,,12
B110111-4,2,1,,,,12
B110112-10,4,1,event,,False,12
B110112-14,3,4,,,,12
B110112-6,1,1,,,,12
B110113-1,2,1,,,,12
B110113-11,1,1,,,,12
B110113-17,1,2,,,,12
B110115-4,2,1,,,,12
B110318-11,1,1,,,,12
B110318-18,3,2,,,,12
B110320-1,1,1,,,,12
B110321-10,1,4,,,,12
B110321-16,1,2,,,,12
B110323-14,1,1,,,,12
B110323-16,1,1,,,,12
B110323-19,1,1,,,,12
B110328-25,1,1,,,,12
B110328-8,1,2,,,,12
B110329-14,1,1,,,,12
B110331-13,1,1,,,,12
B110401-6,1,2,,,,12
B110403-4,1,1,,,,12
B110404-13,1,4,,,,12
B110404-14,1,1,,,,12
B110404-17,1,1,,,,12
B110404-2,5,1,income,15.0,True,12
B110405-5,1,1,,,,12
B110407-10,1,1,,,,12
B110407-13,3,1,,,,12
B110407-19,1,1,,,,12
B110409-14,1,1,,,,12
B110409-4,2,1,,,,12
B110410-1,1,1,,,,12
B110411-4,4,1,income,,False,12
B110413-2,1,1,,,,12
B110413-20,1,1,,,,12
B110413-8,3,3,,,,12
B110414-13,1,1,,,,12
B110417-1,1,1,,,,12
B110418-14,2,1,,,,12
B110418-7,3,1,,,,12
B110420-17,5,1,income,5.0,True,12
B110422-19,3,3,,,,12
B110424-4,1,1,,,,12
B110425-14,4,1,income,,False,12
B110425-5,1,1,,,,12
B110426-10,1,1,,,,12
B110426-17,2,1,,,,12
B110427-17,1,1,,,,12
B110427-27,2,2,,,,12
B110427-33,1,1,,,,13
B110429-12,2,1,,,,13
B110429-16,1,1,,,,13
B110502-12,4,1,income,,False,13
B110502-20,1,1,,,,13
B110502-5,2,1,,,,13
B110502-8,1,1,,,,13
B110504-9,3,2,,,,13
B110506-21,2,1,,,,13
B110507-1,1,3,,,,13
B110511-12,4,1,event,,False,13
B110511-16,1,1,,,,13
B110512-8,1,1,,,,13
B110513-11,1,1,,,,13
B110513-13,2,1,,,,13
B110513-5,2,1,,,,13
B110513-8,1,1,,,,13
B110518-1,1,1,,,,13
B110519-28,4,3,income,15.0,False,13
B110522-5,4,2,income,15.0,False,13
B110523-11,1,1,,,,13
B110523-5,1,1,,,,13
B110524-19,4,1,income,17.0,False,13
B110524-5,3,1,,,,13
B110524-7,1,1,,,,13
B110526-1,1,1,,,,13
B110527-22,1,1,,,,13
B110527-6,1,1,,,,13
B110531-10,1,3,,,,13
B110531-15,3,1,,,,13
B110602-17,1,1,,,,13
B110605-5,4,1,calendar,15.0,False,13
B110608-4,1,1,,,,13
B110608-7,1,1,,,,13
B110610-5,1,1,,,,13
B110610-7,1,1,,,,13
B110611-4,1,2,,,,13
B110612-1,1,1,,,,13
B110613-2,3,2,,,,13
B110614-2,2,1,,,,13
B110614-4,1,1,,,,13
B110615-17,1,1,,,,13
B110617-3,1,1,,,,13
B110620-2,1,1,,,,13
B110620-4,4,2,income,,False,13
B110621-14,1,2,,,,13
B110622-18,1,1,,,,13
B110622-7,2,1,,,,13
B110623-2,1,1,,,,13
B110625-3,1,1,,,,13
B110628-1,1,2,,,,13
B110628-15,3,1,,,,13
B110629-2,2,1,,,,13
B110630-2,1,1,,,,13
B110706-17,1,1,,,,13
B110706-18,1,1,,,,13
B110706-5,4,2,income,,False,13
B110707-3,1,1,,,,13
B110708-9,1,1,,,,13
B110709-2,4,1,income,5.0,False,13
B110709-5,1,1,,,,13
B110711-4,1,1,,,,13
B110713-20,1,2,,,,13
B110713-22,1,1,,,,13
B110714-1,1,1,,,,13
B110715-1,1,2,,,,13
B110717-1,1,1,,,,13
B110719-12,1,1,,,,13
B110719-15,4,1,income,26.0,False,13
B110721-10,1,1,,,,13
B110721-2,1,2,,,,14
B110726-13,1,2,,,,14
B110726-16,1,2,,,,14
B110726-9,2,2,,,,14
B110727-12,1,1,,,,14
B110727-23,1,2,,,,14
B110727-24,4,2,income,25.0,False,14
B110727-9,3,3,,,,14
B110728-2,1,2,,,,14
B110728-5,1,2,,,,14
B110803-10,2,1,,,,14
B110803-12,1,1,,,,14
B110803-3,1,1,,,,14
B110803-6,1,2,,,,14
B110808-13,4,3,income,,False,14
B110808-6,1,1,,,,14
B110809-3,1,1,,,,14
B110810-1,1,2,,,,14
B110810-8,1,2,,,,14
B110811-11,1,2,,,,14
B110811-13,2,2,,,,14
B110811-20,1,2,,,,14
B110815-1,1,1,,,,14
B110816-13,1,1,,,,14
B110818-3,1,3,,,,14
B110818-7,1,1,,,,14
B110819-12,1,2,,,,14
B110819-5,1,2,,,,14
B110821-2,1,1,,,,14
B110822-13,1,3,,,,14
B110824-10,1,3,,,,14
B110824-7,1,1,,,,14
B110826-1,2,2,,,,14
B110827-6,2,5,,,,14
B110828-3,3,2,,,,14
B110829-7,1,1,,,,14
B110830-14,1,2,,,,14
B110901-10,1,2,,,,14
B110901-11,1,1,,,,14
B110905-9,4,2,income,,False,14
B110906-11,1,1,,,,14
B110906-12,1,1,,,,14
B110906-16,2,2,,,,14
B110909-9,1,1,,,,14
B110914-13,1,1,,,,14
B110914-5,2,2,,,,14
B110915-19,1,1,,,,14
B110918-2,3,3,,,,14
B110918-4,4,1,income,,False,14
B110920-5,2,2,,,,14
B110921-11,1,2,,,,14
B110921-7,1,2,,,,14
B110922-6,1,2,,,,14
B110923-8,1,1,,,,14
B110926-10,1,1,,,,14
B110926-5,1,2,,,,14
B110926-9,1,1,,,,14
B110927-13,4,1,income,,False,14
B110927-16,1,2,,,,14
B110929-16,1,2,,,,14
B110929-2,1,2,,,,14
B111004-17,1,4,,,,14
B111004-18,3,3,,,,14
B111005-16,1,2,,,,14
B111005-17,1,2,,,,14
B111005-21,4,1,income,,False,14
B111007-17,1,2,,,,14
B111009-4,2,1,,,,14
B111010-1,1,2,,,,14
B111010-7,1,2,,,,14
B111011-8,1,1,,,,15
B111013-19,1,3,,,,15
B111013-5,1,1,,,,15
B111014-11,1,2,,,,15
B111014-7,1,4,,,,15
B111014-9,4,1,income,5.0,False,15
B111017-15,3,1,,,,15
B111017-4,1,1,,,,15
B111019-11,1,1,,,,15
B111019-2,1,1,,,,15
B111019-5,1,1,,,,15
B111020-10,1,2,,,,15
B111020-8,1,1,,,,15
B111024-9,1,2,,,,15
B111025-15,5,1,income,,True,15
B111026-23,1,3,,,,15
B111027-11,1,1,,,,15
B111028-2,1,1,,,,15
B111031-3,1,3,,,,15
B111101-10,3,3,,,,15
B111101-20,1,1,,,,15
B111102-8,3,5,,,,15
B111103-22,1,1,,,,15
B111103-26,1,1,,,,15
B111107-14,1,1,,,,15
B111108-1,1,2,,,,15
B111108-3,3,1,,,,15
B111111-3,1,1,,,,15
B111111-6,3,1,,,,15
B111116-14,1,2,,,,15
B111116-26,3,2,,,,15
B111116-8,3,1,,,,15
B111121-26,1,1,,,,15
B111123-15,1,2,,,,15
B111124-4,1,2,,,,15
B111125-3,1,1,,,,15
B111126-2,1,2,,,,15
B111127-1,1,1,,,,15
B111201-29,1,1,,,,15
B111205-14,2,1,,,,15
B111205-22,1,2,,,,15
B111205-25,2,1,,,,15
B111205-7,1,1,,,,15
B111207-18,1,2,,,,15
B111209-11,1,1,,,,15
B111209-9,1,1,,,,15
B111212-2,1,1,,,,15
B111214-13,1,1,,,,15
B111214-6,3,2,,,,15
B111216-10,1,1,,,,15
B111218-5,1,1,,,,15
B111221-1,1,1,,,,15
B111222-9,2,1,,,,15
B111223-12,4,1,event,,False,15
B111223-3,1,1,,,,15
B111227-8,1,1,,,,15
B111228-12,1,1,,,,15
B120102-11,1,3,,,,15
B120103-10,1,1,,,,15
B120103-8,1,1,,,,15
B120105-7,3,1,,,,15
B120106-7,1,1,,,,15
B120106-8,3,1,,,,15
B120109-19,4,2,event,,False,15
B120109-7,1,1,,,,15
B120109-8,1,1,,,,15
B120111-17,1,1,,,,15
B120113-8,1,2,,,,15
B120116-5,1,2,,,,15
B120118-4,1,4,,,,15
B120118-5,1,1,,,,16
B120125-14,2,1,,,,16
B120125-19,1,4,,,,16
B120126-1,2,2,,,,16
B120126-13,3,2,,,,16
B120129-2,1,2,,,,16
B120129-5,1,1,,,,16
B120130-15,1,1,,,,16
B120201-22,1,1,,,,16
B120201-4,2,1,,,,16
B120205-5,4,1,income,20.0,False,16
B120207-10,3,2,,,,16
B120208-3,1,1,,,,16
B120209-22,1,2,,,,16
B120213-21,1,1,,,,16
B120213-6,3,5,,,,16
B120216-11,1,1,,,,16
B120217-1,2,2,,,,16
B120219-4,1,1,,,,16
B120220-11,1,1,,,,16
B120220-26,1,2,,,,16
B120221-18,3,1,,,,16
B120221-5,1,1,,,,16
B120224-17,2,4,,,,16
B120225-6,2,1,,,,16
B120227-19,1,2,,,,16
B120227-7,1,2,,,,16
B120227-8,3,1,,,,16
B120229-8,1,2,,,,16
B120304-2,1,2,,,,16
B120304-3,1,1,,,,16
B120305-17,1,3,,,,16
B120306-6,2,2,,,,16
B120307-6,2,1,,,,16
B120309-16,1,2,,,,16
B120309-19,2,1,,,,16
B120309-21,1,1,,,,16
B120309-22,1,1,,,,16
B120311-5,1,2,,,,16
B120312-12,3,2,,,,16
B120312-15,1,1,,,,16
B120313-16,1,1,,,,16
B120313-27,1,2,,,,16
B120313-29,1,1,,,,16
B120313-4,1,2,,,,16
B120314-21,1,1,,,,16
B120314-3,1,1,,,,16
B120315-11,1,2,,,,16
B120317-6,1,1,,,,16
B120319-5,4,1,income,,False,16
B120320-25,1,1,,,,16
B120322-19,1,1,,,,16
B120322-32,4,1,calendar,15.0,False,16
B120323-17,3,1,,,,16
B120324-4,1,1,,,,16
B120326-9,1,1,,,,16
B120328-12,1,1,,,,16
B120328-15,1,2,,,,16
B120328-18,1,2,,,,16
B120329-12,1,1,,,,16
B120329-19,3,2,,,,16
B120402-12,2,2,,,,16
B120405-9,1,2,,,,16
B120407-5,3,1,,,,16
B120410-20,2,1,,,,16
B120411-1,1,2,,,,16
B120412-13,1,2,,,,16
B120413-10,1,1,,,,16
B120413-16,3,2,,,,16
B120414-1,2,2,,,,16
B120416-1,1,1,,,,17
B120418-2,4,1,income,20.0,False,17
B120418-4,4,1,calendar,,False,17
B120418-5,4,3,income,,False,17
B120424-15,1,1,,,,17
B120424-2,3,1,,,,17
B120424-25,1,1,,,,17
B120425-8,1,1,,,,17
B120429-2,1,3,,,,17
B120430-21,1,1,,,,17
B120501-10,1,1,,,,17
B120502-12,1,1,,,,17
B120505-4,1,4,,,,17
B120507-15,1,2,,,,17
B120507-4,3,1,,,,17
B120509-1,1,1,,,,17
B120510-22,1,1,,,,17
B120514-9,3,1,,,,17
B120515-11,1,2,,,,17
B120521-16,1,1,,,,17
B120523-14,1,2,,,,17
B120524-14,1,1,,,,17
B120524-16,1,1,,,,17
B120524-7,1,2,,,,17
B120525-7,1,1,,,,17
B120601-10,1,1,,,,17
B120605-15,1,2,,,,17
B120611-1,4,1,income,25.0,False,17
B120611-6,1,1,,,,17
B120614-2,1,1,,,,17
B120618-5,1,1,,,,17
B120619-1,1,2,,,,17
B120619-22,1,2,,,,17
B120621-9,1,1,,,,17
B120626-6,1,1,,,,17
B120627-16,4,1,income,,False,17
B120702-13,1,2,,,,17
B120702-8,4,2,income,20.0,False,17
B120703-11,1,1,,,,17
B120703-18,4,2,income,25.0,False,17
B120704-12,1,1,,,,17
B120706-6,1,1,,,,17
B120711-7,1,1,,,,17
B120712-5,1,3,,,,17
B120715-1,1,1,,,,17
B120717-8,1,1,,,,17
B120719-4,1,1,,,,17
B120723-3,1,1,,,,17
B120730-3,1,2,,,,17
B120801-3,4,5,income,15.0,False,17
B120802-2,1,1,,,,17
B120807-1,1,1,,,,17
B120808-2,1,3,,,,17
B120816-12,1,3,,,,17
B120820-3,1,1,,,,17
B120822-6,4,2,income,,False,17
B120823-4,1,1,,,,17
B120823-5,1,1,,,,17
B120827-12,1,1,,,,17
B120827-4,1,1,,,,17
B120828-8,4,1,calendar,,False,17
B120902-4,1,1,,,,17
B120903-3,1,1,,,,17
B120904-13,1,3,,,,17
B120905-4,1,1,,,,17
B120906-6,1,2,,,,17
B120907-2,1,1,,,,17
B120907-4,1,1,,,,17
B120909-2,1,1,,,,17
B120911-1,1,2,,,,17
B120918-1,2,1,,,,18
B120918-3,1,1,,,,18
B120924-11,2,1,,,,18
B120924-15,4,1,income,21.0,False,18
B120927-12,1,5,,,,18
B121002-3,1,1,,,,18
B121002-4,2,1,,,,18
B121004-9,2,1,,,,18
B121011-1,3,1,,,,18
B121014-5,3,1,,,,18
B121017-4,2,3,,,,18
B121019-13,2,1,,,,18
B121023-1,3,1,,,,18
B121027-1,5,2,income,25.0,True,18
B121030-3,4,1,calendar,27.0,False,18
B121031-2,3,1,,,,18
B121101-1,1,1,,,,18
B121104-1,4,1,income,,False,18
B121106-10,3,3,,,,18
B121107-3,1,1,,,,18
B121108-10,1,2,,,,18
B121109-11,4,2,income,21.0,False,18
B121119-7,1,1,,,,18
B121120-2,1,2,,,,18
B121122-8,1,1,,,,18
B121123-10,1,2,,,,18
B121123-6,1,1,,,,18
B121124-3,2,1,,,,18
B121128-8,1,1,,,,18
B121203-3,4,1,calendar,25.0,False,18
B121205-6,1,1,,,,18
B121206-6,2,1,,,,18
B121207-6,1,1,,,,18
B121214-11,1,1,,,,18
B121214-2,1,1,,,,18
B121216-1,1,1,,,,18
B121216-3,1,1,,,,18
B121217-5,2,1,,,,18
B121218-1,1,1,,,,18
B121221-13,1,1,,,,18
B121221-15,1,1,,,,18
B121224-21,4,2,income,,False,18
B121225-3,1,1,,,,18
B121231-6,4,1,event,,False,18
B130102-5,1,2,,,,18
B130104-3,1,3,,,,18
B130104-9,1,2,,,,18
B130106-6,1,1,,,,18
B130109-8,1,2,,,,18
B130111-19,1,2,,,,18
B130111-9,1,1,,,,18
B130114-6,4,1,income,15.0,False,18
B130117-7,4,1,income,10.0,False,18
B130121-5,2,1,,,,18
B130122-3,3,3,,,,18
B130123-8,2,3,,,,18
B130124-6,1,1,,,,18
B130125-2,1,1,,,,18
B130125-6,2,2,,,,18
B130128-1,1,1,,,,18
B130129-8,1,3,,,,18
B130130-10,4,2,income,,False,18
B130131-2,3,1,,,,18
B130203-1,2,2,,,,18
B130204-2,1,1,,,,18
B130205-2,3,4,,,,18
B130208-2,1,1,,,,18
B130212-2,1,1,,,,18
B130213-1,1,1,,,,18
B130217-2,2,1,,,,18
B130218-5,1,1,,,,19
B130218-8,4,1,income,21.0,False,19
B130218-9,1,2,,,,19
B130220-5,1,2,,,,19
B130220-6,1,1,,,,19
B130221-8,4,1,income,20.0,False,19
B130222-2,1,2,,,,19
B130224-2,2,1,,,,19
B130224-3,1,1,,,,19
B130225-2,1,1,,,,19
B130225-4,1,1,,,,19
B130228-3,1,1,,,,19
B130302-2,1,1,,,,19
B130304-3,1,1,,,,19
B130307-2,4,2,income,25.0,False,19
B130308-7,1,1,,,,19
B130310-2,1,2,,,,19
B130312-4,1,1,,,,19
B130314-13,1,1,,,,19
B130314-8,1,3,,,,19
B130315-2,1,3,,,,19
B130318-1,1,3,,,,19
B130321-4,1,1,,,,19
B130321-8,3,3,,,,19
B130324-4,4,1,calendar,,False,19
B130325-2,1,2,,,,19
B130327-2,2,1,,,,19
B130327-4,2,2,,,,19
B130328-2,2,1,,,,19
B130330-1,1,1,,,,19
B130402-4,1,1,,,,19
B130402-5,1,1,,,,19
B130403-1,2,2,,,,19
B130404-3,2,1,,,,19
B130404-7,1,2,,,,19
B130404-8,1,1,,,,19
B130408-4,1,1,,,,19
B130409-1,3,1,,,,19
B130415-2,1,1,,,,19
B130415-7,1,1,,,,19
B130417-5,1,1,,,,19
B130422-13,1,2,,,,19
B130423-8,1,3,,,,19
B130425-2,1,2,,,,19
B130426-1,1,1,,,,19
B130426-3,1,3,,,,19
B130426-9,1,1,,,,19
B130502-3,1,2,,,,19
B130506-3,1,1,,,,19
B130507-7,1,1,,,,19
B130508-9,1,1,,,,19
B130512-1,1,1,,,,19
B130513-10,1,2,,,,19
B130513-5,1,1,,,,19
B130517-1,1,1,,,,19
B130520-1,1,1,,,,19
B130520-2,1,1,,,,19
B130525-2,1,1,,,,19
B130525-6,1,1,,,,19
B130527-8,1,1,,,,19
B130530-6,1,1,,,,19
B130531-1,4,1,income,10.0,False,19
B130604-3,3,1,,,,19
B130611-7,1,1,,,,19
B130613-4,1,2,,,,19
B130619-2,3,1,,,,19
B130621-2,1,1,,,,19
B130624-1,1,1,,,,19
B130624-10,1,1,,,,19
B130630-1,1,3,,,,19
B130701-5,1,1,,,,20
B130702-4,1,2,,,,20
B130703-3,1,1,,,,20
B130707-3,1,1,,,,20
B130712-1,4,2,event,,False,20
B130713-1,4,1,income,,False,20
B130715-1,1,1,,,,20
B130717-2,1,1,,,,20
B130717-4,1,1,,,,20
B130720-1,1,1,,,,20
B130722-5,1,1,,,,20
B130804-1,1,2,,,,20
B130805-3,1,2,,,,20
B130806-1,1,1,,,,20
B130808-2,1,4,,,,20
B130809-2,1,1,,,,20
B130813-12,1,1,,,,20
B130813-3,3,1,,,,20
B130814-3,3,3,,,,20
B130814-4,1,2,,,,20
B130819-3,1,1,,,,20
B130819-6,3,2,,,,20
B130820-6,1,1,,,,20
B130822-3,1,1,,,,20
B130824-1,1,2,,,,20
B130827-2,1,3,,,,20
B130829-4,1,1,,,,20
B130905-3,1,3,,,,20
B130909-7,1,1,,,,20
B130910-2,2,2,,,,20
B130910-4,1,1,,,,20
B130910-6,1,2,,,,20
B130910-9,1,3,,,,20
B130912-3,3,2,,,,20
B130914-1,1,3,,,,20
B130915-2,1,1,,,,20
B130917-3,3,1,,,,20
B130921-1,1,1,,,,20
B130923-4,1,1,,,,20
B130926-8,1,1,,,,20
B130930-5,3,1,,,,20
B131002-2,1,2,,,,20
B131004-1,5,1,income,,True,20
B131008-4,1,1,,,,20
B131009-2,1,1,,,,20
B131012-1,5,1,income,25.0,True,20
B131016-3,1,1,,,,20
B131022-4,1,2,,,,20
B131023-4,1,1,,,,20
B131024-1,3,1,,,,20
B131028-1,1,1,,,,20
B131030-3,3,2,,,,20
B131102-1,1,1,,,,20
B131103-11,1,1,,,,20
B131107-4,3,1,,,,20
B131109-2,5,4,income,,True,20
B131119-1,4,1,calendar,1.0,False,20
B131119-4,1,1,,,,20
B131122-6,1,2,,,,20
B131125-2,4,1,income,25.0,False,20
B131129-7,1,1,,,,20
B131201-5,5,1,income,,True,20
B131207-4,1,4,,,,20
B131209-10,1,1,,,,20
B131211-2,1,1,,,,20
B131215-4,1,2,,,,20
B131216-4,1,1,,,,20
B131218-1,1,1,,,,20
B131221-2,1,1,,,,20
B131225-2,1,1,,,,20
B131230-1,1,3,,,,21
B131231-1,1,2,,,,21
B140102-3,1,2,,,,21
B140103-4,1,2,,,,21
B140110-1,3,2,,,,21
B140115-1,1,1,,,,21
B140116-6,1,2,,,,21
B140122-12,1,1,,,,21
B140122-7,1,1,,,,21
B140123-2,1,1,,,,21
B140127-1,1,2,,,,21
B140131-3,1,2,,,,21
B140202-4,1,2,,,,21
B140203-3,1,2,,,,21
B140205-1,1,2,,,,21
B140206-1,1,2,,,,21
B140210-3,4,1,income,,False,21
B140214-3,1,1,,,,21
B140215-2,1,2,,,,21
B140222-2,1,1,,,,21
B140222-3,3,2,,,,21
B140223-1,3,1,,,,21
B140225-12,1,2,,,,21
B140225-5,4,1,income,7.0,False,21
B140227-5,1,1,,,,21
B140305-1,1,1,,,,21
B140306-1,4,1,event,,False,21
B140311-1,1,1,,,,21
B140311-8,4,1,income,25.0,False,21
B140312-2,2,3,,,,21
B140319-4,1,3,,,,21
B140319-5,4,1,income,20.0,False,21
B140320-1,1,1,,,,21
B140325-1,2,1,,,,21
B140325-4,1,2,,,,21
B140327-3,1,2,,,,21
B140401-1,3,4,,,,21
B140408-1,1,1,,,,21
B140408-3,1,2,,,,21
B140414-1,2,1,,,,21
B140414-5,2,3,,,,21
B140415-2,1,2,,,,21
B140417-4,1,1,,,,21
B140421-1,1,4,,,,21
B140422-1,4,1,income,,False,21
B140422-3,1,2,,,,21
B140427-2,1,1,,,,21
B140428-6,1,2,,,,21
B140505-2,1,1,,,,21
B140507-2,1,1,,,,21
B140508-2,1,1,,,,21
B140510-5,1,2,,,,21
B140511-1,1,2,,,,21
B140512-9,1,1,,,,21
B140514-3,1,1,,,,21
B140521-2,1,1,,,,21
B140521-3,1,2,,,,21
B140526-2,1,2,,,,21
B140602-3,3,1,,,,21
B140605-2,1,2,,,,21
B140606-1,1,1,,,,21
B140607-1,4,1,income,,False,21
B140611-2,3,2,,,,21
B140612-2,1,2,,,,21
B140612-5,1,2,,,,21
B140614-1,2,1,,,,21
B140617-1,1,1,,,,21
B140619-3,3,2,,,,21
B140619-4,1,1,,,,21
B140625-6,1,4,,,,21
B140627-5,4,1,income,,False,22
B140701-4,3,1,,,,22
B140701-5,1,1,,,,22
B140707-1,1,2,,,,22
B140707-4,1,1,,,,22
B140708-2,1,2,,,,22
B140711-2,1,1,,,,22
B140714-2,1,1,,,,22
B140714-5,1,1,,,,22
B140717-2,1,1,,,,22
B140718-6,1,3,,,,22
B140725-1,1,1,,,,22
B140802-1,1,1,,,,22
B140803-2,1,1,,,,22
B140806-3,3,4,,,,22
B140808-3,1,1,,,,22
B140813-4,1,1,,,,22
B140819-2,3,3,,,,22
B140823-3,1,2,,,,22
B140827-3,1,1,,,,22
B140902-1,3,1,,,,22
B140912-4,1,3,,,,22
B140914-2,1,2,,,,22
B140915-2,1,1,,,,22
B140917-4,1,1,,,,22
B140926-2,1,1,,,,22
B140927-1,1,1,,,,22
B140929-2,3,1,,,,22
B141006-1,1,1,,,,22
B141007-2,4,1,income,10.0,False,22
B141009-1,1,1,,,,22
B141010-10,1,1,,,,22
B141010-9,1,1,,,,22
B141017-2,1,1,,,,22
B141019-2,1,2,,,,22
B141020-2,1,1,,,,22
B141022-4,3,1,,,,22
B141027-4,1,1,,,,22
B141029-3,1,1,,,,22
B141029-5,1,1,,,,22
B141103-3,1,2,,,,22
B141105-1,5,1,income,25.0,True,22
B141114-1,5,1,calendar,,True,22
B141120-3,1,4,,,,22
B141120-4,1,1,,,,22
B141124-1,3,3,,,,22
B141125-3,3,1,,,,22
B141127-4,1,1,,,,22
B141202-2,3,1,,,,22
B141202-3,1,3,,,,22
B141207-1,1,1,,,,22
B141208-1,1,1,,,,22
B141211-4,1,1,,,,22
B141216-5,1,1,,,,22
B141216-6,1,2,,,,22
B141217-1,1,1,,,,22
B141219-3,1,1,,,,22
B141220-1,1,1,,,,22
B141227-3,4,1,income,25.0,False,22
B141230-4,1,1,,,,22
B150102-3,1,1,,,,22
B150112-3,1,3,,,,22
B150115-8,1,2,,,,22
B150116-6,4,1,income,25.0,False,22
B150118-1,3,1,,,,22
B150120-4,1,1,,,,22
B150124-1,1,1,,,,22
B150128-1,1,2,,,,22
B150129-2,5,1,income,25.0,True,22
B150202-2,1,1,,,,22
B150205-3,1,1,,,,23
B150206-1,1,1,,,,23
B150206-2,1,3,,,,23
B150208-2,1,1,,,,23
B150211-4,2,3,,,,23
B150213-2,5,1,income,,True,23
B150215-1,3,1,,,,23
B150223-4,1,2,,,,23
B150224-2,1,1,,,,23
B150226-5,1,1,,,,23
B150228-1,1,2,,,,23
B150303-1,1,1,,,,23
B150303-5,1,4,,,,23
B150309-1,1,1,,,,23
B150311-3,1,1,,,,23
B150314-1,4,1,event,,False,23
B150317-1,1,2,,,,23
B150325-2,1,2,,,,23
B150330-2,1,1,,,,23
B150401-7,1,3,,,,23
B150414-4,2,1,,,,23
B150414-5,1,2,,,,23
B150415-4,1,3,,,,23
B150420-1,1,1,,,,23
B150421-1,1,4,,,,23
B150423-2,3,1,,,,23
B150423-5,1,2,,,,23
B150424-3,2,1,,,,23
B150430-1,1,2,,,,23
B150504-3,1,1,,,,23
B150506-4,1,1,,,,23
B150507-2,1,2,,,,23
B150511-3,1,2,,,,23
B150513-2,2,3,,,,23
B150515-3,1,2,,,,23
B150519-2,1,1,,,,23
B150521-2,1,1,,,,23
B150525-1,1,1,,,,23
B150527-2,3,1,,,,23
B150528-3,1,1,,,,23
B150529-3,2,1,,,,23
B150602-3,1,1,,,,23
B150605-2,1,1,,,,23
B150608-8,1,1,,,,23
B150611-3,1,2,,,,23
B150617-4,3,2,,,,23
B150618-2,2,1,,,,23
B150619-1,3,1,,,,23
B150621-1,2,1,,,,23
B150622-5,1,1,,,,23
B150623-1,2,1,,,,23
B150623-2,3,1,,,,23
B150702-3,1,1,,,,23
B150707-2,4,1,income,13.0,False,23
B150715-4,4,4,income,25.0,False,23
B150715-8,1,1,,,,23
B150717-2,2,1,,,,23
B150717-4,1,1,,,,23
B150722-1,4,1,income,,False,23
B150728-1,2,1,,,,23
B150728-3,1,2,,,,23
B150730-2,2,2,,,,23
B150730-3,2,1,,,,23
B150808-2,1,1,,,,23
B150811-1,3,1,,,,23
B150812-2,2,1,,,,23
B150819-5,1,1,,,,23
B150821-3,2,1,,,,23
B150821-6,1,1,,,,23
B150822-1,2,2,,,,23
B150823-3,1,2,,,,24
B150827-5,1,1,,,,24
B150901-4,1,1,,,,24
B150904-5,3,1,,,,24
B150905-1,1,1,,,,24
B150907-1,3,1,,,,24
B150907-4,2,4,,,,24
B150908-1,5,1,income,,True,24
B150909-5,1,1,,,,24
B150910-1,1,2,,,,24
B150911-1,1,1,,,,24
B150911-2,1,1,,,,24
B150915-1,1,2,,,,24
B150917-3,1,1,,,,24
B150918-2,1,1,,,,24
B150921-6,1,2,,,,24
B150930-3,3,2,,,,24
B151001-4,1,2,,,,24
B151006-3,1,2,,,,24
B151007-1,1,1,,,,24
B151009-1,1,4,,,,24
B151012-1,3,1,,,,24
B151012-4,1,2,,,,24
B151017-1,1,2,,,,24
B151020-2,1,3,,,,24
B151022-2,3,1,,,,24
B151024-1,1,2,,,,24
B151026-4,1,1,,,,24
B151029-1,4,1,event,,False,24
B151029-5,1,3,,,,24
B151102-6,1,3,,,,24
B151102-7,1,3,,,,24
B151104-2,1,2,,,,24
B151104-5,1,1,,,,24
B151105-2,1,1,,,,24
B151106-4,4,1,calendar,21.0,False,24
B151109-2,1,1,,,,24
B151110-1,1,1,,,,24
B151110-3,3,1,,,,24
B151112-1,2,1,,,,24
B151114-1,1,1,,,,24
B151116-4,1,1,,,,24
B151116-5,1,1,,,,24
B151116-6,1,1,,,,24
B151117-2,1,1,,,,24
B151118-4,1,2,,,,24
B151124-1,1,1,,,,24
B151125-3,3,1,,,,24
B151130-1,1,1,,,,24
B151130-2,1,1,,,,24
B151202-2,4,2,income,,False,24
B151203-1,2,1,,,,24
B151203-3,1,3,,,,24
B151204-1,3,2,,,,24
B151204-5,1,1,,,,24
B151207-1,2,3,,,,24
B151207-2,1,1,,,,24
B151207-3,2,1,,,,24
B151207-4,1,1,,,,24
B151208-1,2,1,,,,24
B151210-4,1,1,,,,24
B151211-1,1,1,,,,24
B151212-1,1,1,,,,24
B151212-2,1,1,,,,24
B151215-1,1,2,,,,24
B151216-2,1,1,,,,24
B151216-5,1,3,,,,24
B151219-2,1,1,,,,24
B151221-1,3,1,,,,24
B151221-2,2,2,,,,24
B151221-3,1,2,,,,25
B151222-2,2,1,,,,25
B151227-1,3,1,,,,25
B151228-3,1,1,,,,25
B151229-1,1,5,,,,25
B160106-2,1,1,,,,25
B160106-3,3,1,,,,25
B160107-1,1,1,,,,25
B160112-1,1,2,,,,25
B160115-2,4,1,income,,False,25
B160117-2,1,1,,,,25
B160118-2,1,2,,,,25
B160119-3,1,1,,,,25
B160120-7,1,2,,,,25
B160120-8,2,1,,,,25
B160121-1,4,1,income,15.0,False,25
B160123-2,1,1,,,,25
B160127-1,1,1,,,,25
B160131-1,2,3,,,,25
B160201-2,2,2,,,,25
B160201-6,1,1,,,,25
B160202-2,1,2,,,,25
B160202-3,1,3,,,,25
B160204-1,1,2,,,,25
B160208-1,1,1,,,,25
B160212-1,1,1,,,,25
B160215-2,1,1,,,,25
B160215-4,1,1,,,,25
B160216-4,1,1,,,,25
B160217-4,2,1,,,,25
B160219-2,1,2,,,,25
B160225-4,1,1,,,,25
B160226-3,1,1,,,,25
B160302-1,4,1,income,25.0,False,25
B160302-2,1,1,,,,25
B160305-1,1,1,,,,25
B160307-4,4,1,income,,False,25
B160310-3,1,1,,,,25
B160315-1,1,1,,,,25
B160316-1,1,1,,,,25
B160316-2,2,1,,,,25
B160317-1,1,1,,,,25
B160320-1,3,1,,,,25
B160321-7,2,3,,,,25
B160322-1,1,2,,,,25
B160323-5,1,1,,,,25
B160328-2,1,1,,,,25
B160407-2,1,1,,,,25
B160413-1,1,1,,,,25
B160417-1,4,2,income,,False,25
B160418-2,1,1,,,,25
B160426-1,1,1,,,,25
B160427-4,4,1,income,17.0,False,25
B160502-4,1,2,,,,25
B160503-5,1,1,,,,25
B160509-4,1,2,,,,25
B160511-6,2,1,,,,25
B160516-4,1,1,,,,25
B160524-3,2,2,,,,25
B160530-4,1,1,,,,25
B160531-4,1,1,,,,25
B160602-2,1,1,,,,25
B160607-4,1,2,,,,25
B160616-1,1,1,,,,25
B160616-5,2,3,,,,25
B160621-3,4,1,income,13.0,False,25
B160622-5,1,1,,,,25
B160627-3,1,1,,,,25
B160701-8,4,1,event,,False,25
B160704-1,1,1,,,,25
B160705-2,1,1,,,,26
B160706-1,1,1,,,,26
B160707-1,1,1,,,,26
B160718-2,2,1,,,,26
B160723-1,2,1,,,,26
B160726-5,1,1,,,,26
B160728-1,3,1,,,,26
B160728-4,3,1,,,,26
B160729-1,4,3,calendar,,False,26
B160809-1,1,1,,,,26
B160809-3,1,1,,,,26
B160812-9,1,1,,,,26
B160816-2,1,2,,,,26
B160818-2,1,3,,,,26
B160819-1,2,1,,,,26
B160819-4,3,1,,,,26
B160820-1,1,1,,,,26
B160822-1,3,1,,,,26
B160825-3,1,3,,,,26
B160826-1,1,1,,,,26
B160906-3,2,2,,,,26
B160915-1,1,3,,,,26
B160918-2,2,1,,,,26
B160918-4,3,3,,,,26
B160919-6,4,1,income,,False,26
B160922-1,1,1,,,,26
B161003-1,2,1,,,,26
B161004-3,1,1,,,,26
B161006-2,1,1,,,,26
B161010-1,2,3,,,,26
B161010-2,2,1,,,,26
B161011-1,1,2,,,,26
B161019-7,2,1,,,,26
B161025-1,1,1,,,,26
B161029-1,1,1,,,,26
B161102-1,1,3,,,,26
B161107-1,1,1,,,,26
B161109-1,1,1,,,,26
B161120-1,4,2,calendar,25.0,False,26
B161124-1,1,1,,,,26
B161216-2,2,1,,,,26
B170103-1,1,1,,,,26
B170106-2,1,1,,,,26
B170111-1,3,2,,,,26
B170112-1,1,1,,,,26
B170120-2,1,1,,,,26
B170130-2,1,1,,,,26
B170201-1,2,1,,,,26
B170202-4,2,1,,,,26
B170204-1,5,1,calendar,,True,26
B170206-3,1,1,,,,26
B170222-1,1,1,,,,26
B170227-2,1,2,,,,26
B170228-2,1,1,,,,26
B170302-2,1,1,,,,26
B170309-2,2,1,,,,26
B170314-1,1,1,,,,26
B170326-1,2,1,,,,26
B170328-2,1,1,,,,26
B170329-3,1,1,,,,26
B170404-1,2,1,,,,26
B170412-3,2,1,,,,26
B170417-1,1,1,,,,26
B170419-3,2,1,,,,26
B170423-2,2,4,,,,26
B170429-1,2,1,,,,26
B170506-2,2,1,,,,26
B170508-2,1,1,,,,26
B170522-2,2,1,,,,26
B170525-2,4,1,income,17.0,False,26
B170525-3,1,1,,,,27
B170605-10,1,1,,,,27
B170605-7,1,1,,,,27
B170613-5,1,1,,,,27
B170619-1,1,1,,,,27
B170621-1,3,1,,,,27
B170626-4,1,1,,,,27
B170705-8,1,1,,,,27
B170711-2,3,3,,,,27
B170731-2,1,1,,,,27
B170807-4,1,2,,,,27
B170817-3,1,2,,,,27
B170905-1,1,1,,,,27
B170911-2,1,1,,,,27
B170918-5,3,1,,,,27
B171010-4,1,1,,,,27
B171020-1,2,1,,,,27
B171021-3,1,1,,,,27
B171024-1,1,1,,,,27
B171121-2,2,1,,,,27
B171129-5,1,1,,,,27
B171216-2,1,2,,,,27
B171220-2,3,1,,,,27
B171227-5,2,1,,,,27
B180109-1,1,1,,,,27
B180322-1,2,1,,,,27
B180327-2,2,2,,,,27
B180404-1,1,1,,,,27
B180409-2,3,2,,,,27
B180418-1,1,1,,,,27
B180419-1,1,1,,,,27
B180518-2,4,1,income,,False,27
B180530-4,2,2,,,,27
B180608-1,1,2,,,,27
B180620-1,1,1,,,,27
B180627-4,1,1,,,,27
B180710-2,1,1,,,,27
B180712-1,1,1,,,,27
B180730-4,1,1,,,,27
B180807-1,2,2,,,,27
B180816-2,2,1,,,,27
B180824-3,1,1,,,,27
B180827-1,1,1,,,,27
B180829-5,2,1,,,,27
B180831-3,1,1,,,,27
B180904-10,1,1,,,,27
B180907-1,1,3,,,,27
B180910-2,1,3,,,,27
B180914-1,3,1,,,,27
B180920-4,1,1,,,,27
B180928-5,2,1,,,,27
B181004-2,1,1,,,,27
B181015-4,1,1,,,,27
B181018-1,2,1,,,,27
B181023-8,1,3,,,,27
B181025-5,3,1,,,,27
B181105-1,1,1,,,,27
B181108-5,1,1,,,,27
B181113-11,1,1,,,,27
B181127-1,1,1,,,,27
B181128-2,1,1,,,,27
B181130-1,4,1,income,,False,27
B181205-3,4,1,income,17.0,False,27
B181211-1,1,1,,,,27
B181224-2,1,1,,,,27
B181226-6,1,2,,,,27
B181227-1,1,1,,,,27
B190102-3,4,5,income,25.0,False,27
B190103-5,1,2,,,,27
B190113-1,3,2,,,,27
B190115-2,2,1,,,,28
B190211-2,3,2,,,,28
B190221-20,1,1,,,,28
B190224-2,2,1,,,,28
B190225-2,3,1,,,,28
B190304-4,1,1,,,,28
B190311-2,1,1,,,,28
B190324-1,3,1,,,,28
B190326-1,2,1,,,,28
B190329-3,1,1,,,,28
B190420-2,3,1,,,,28
B190501-2,3,1,,,,28
B190508-5,1,1,,,,28
B190515-2,1,1,,,,28
B190523-3,1,1,,,,28
B190529-5,1,1,,,,28
B190607-1,1,1,,,,28
B190701-3,1,1,,,,28
B190718-2,1,1,,,,28
B190719-4,4,1,event,,False,28
B190725-1,5,1,income,15.0,True,28
B190826-1,1,1,,,,28
B190830-7,3,1,,,,28
B190903-3,1,2,,,,28
B190905-6,4,1,calendar,,False,28
B190909-12,1,1,,,,28
B190920-1,1,2,,,,28
B191014-3,4,2,event,,False,28
B191015-3,1,1,,,,28
B191023-3,2,1,,,,28
B191025-1,2,1,,,,28
B191031-2,1,2,,,,28
B191103-1,1,1,,,,28
B191114-2,1,2,,,,28
B191118-3,4,1,income,,False,28
B191127-3,1,1,,,,28
B191205-1,1,2,,,,28
B191207-4,1,1,,,,28
B191215-1,1,1,,,,28
B191219-7,1,1,,,,28
